taxon,genus,tribe,subfamily,family,order,class
Boesenbergia_hirta,Boesenbergia,,,Zingiberaceae,Zingiberales,Magnoliopsida
Boesenbergia_lambirensis,Boesenbergia,,,Zingiberaceae,Zingiberales,Magnoliopsida
Boesenbergia_parva,Boesenbergia,,,Zingiberaceae,Zingiberales,Magnoliopsida
Boesenbergia_flabellata,Boesenbergia,,,Zingiberaceae,Zingiberales,Magnoliopsida
Boesenbergia_meghalayensis,Boesenbergia,,,Zingiberaceae,Zingiberales,Magnoliopsida
Boesenbergia_rotunda,Boesenbergia,,,Zingiberaceae,Zingiberales,Magnoliopsida
Boesenbergia_ochroleuca,Boesenbergia,,,Zingiberaceae,Zingiberales,Magnoliopsida
Boesenbergia_clivalis,Boesenbergia,,,Zingiberaceae,Zingiberales,Magnoliopsida
Boesenbergia_curtisii,Boesenbergia,,,Zingiberaceae,Zingiberales,Magnoliopsida
Boesenbergia_regalis,Boesenbergia,,,Zingiberaceae,Zingiberales,Magnoliopsida
Boesenbergia_prainiana,Boesenbergia,,,Zingiberaceae,Zingiberales,Magnoliopsida
Boesenbergia_plicata,Boesenbergia,,,Zingiberaceae,Zingiberales,Magnoliopsida
Boesenbergia_basispicata,Boesenbergia,,,Zingiberaceae,Zingiberales,Magnoliopsida
Boesenbergia_tenuispicata,Boesenbergia,,,Zingiberaceae,Zingiberales,Magnoliopsida
Boesenbergia_longipes,Boesenbergia,,,Zingiberaceae,Zingiberales,Magnoliopsida
Boesenbergia_aurantiaca,Boesenbergia,,,Zingiberaceae,Zingiberales,Magnoliopsida
Boesenbergia_collinsii,Boesenbergia,,,Zingiberaceae,Zingiberales,Magnoliopsida
Boesenbergia_kerrii,Boesenbergia,,,Zingiberaceae,Zingiberales,Magnoliopsida
Boesenbergia_maxwellii,Boesenbergia,,,Zingiberaceae,Zingiberales,Magnoliopsida
Boesenbergia_longiflora,Boesenbergia,,,Zingiberaceae,Zingiberales,Magnoliopsida
Boesenbergia_hamiltonii,Boesenbergia,,,Zingiberaceae,Zingiberales,Magnoliopsida
Boesenbergia_kingii,Boesenbergia,,,Zingiberaceae,Zingiberales,Magnoliopsida
Boesenbergia_xiphostachya,Boesenbergia,,,Zingiberaceae,Zingiberales,Magnoliopsida
Boesenbergia_tiliifolia,Boesenbergia,,,Zingiberaceae,Zingiberales,Magnoliopsida
Boesenbergia_albomaculata,Boesenbergia,,,Zingiberaceae,Zingiberales,Magnoliopsida
Boesenbergia_siphonantha,Boesenbergia,,,Zingiberaceae,Zingiberales,Magnoliopsida
Boesenbergia_pulcherrima,Boesenbergia,,,Zingiberaceae,Zingiberales,Magnoliopsida
Boesenbergia_siamensis,Boesenbergia,,,Zingiberaceae,Zingiberales,Magnoliopsida
Boesenbergia_thorelii,Boesenbergia,,,Zingiberaceae,Zingiberales,Magnoliopsida
Scaphochlamys_klossii,Scaphochlamys,,,Zingiberaceae,Zingiberales,Magnoliopsida
Scaphochlamys_lanceolata,Scaphochlamys,,,Zingiberaceae,Zingiberales,Magnoliopsida
Scaphochlamys_gracilipes,Scaphochlamys,,,Zingiberaceae,Zingiberales,Magnoliopsida
Scaphochlamys_samunsamensis,Scaphochlamys,,,Zingiberaceae,Zingiberales,Magnoliopsida
Scaphochlamys_abdullahii,Scaphochlamys,,,Zingiberaceae,Zingiberales,Magnoliopsida
Scaphochlamys_biloba,Scaphochlamys,,,Zingiberaceae,Zingiberales,Magnoliopsida
Scaphochlamys_rubescens,Scaphochlamys,,,Zingiberaceae,Zingiberales,Magnoliopsida
Scaphochlamys_breviscapa,Scaphochlamys,,,Zingiberaceae,Zingiberales,Magnoliopsida
Scaphochlamys_minutiflora,Scaphochlamys,,,Zingiberaceae,Zingiberales,Magnoliopsida
Scaphochlamys_laxa,Scaphochlamys,,,Zingiberaceae,Zingiberales,Magnoliopsida
Scaphochlamys_kunstleri,Scaphochlamys,,,Zingiberaceae,Zingiberales,Magnoliopsida
Scaphochlamys_malaccana,Scaphochlamys,,,Zingiberaceae,Zingiberales,Magnoliopsida
Scaphochlamys_rubromaculata,Scaphochlamys,,,Zingiberaceae,Zingiberales,Magnoliopsida
Scaphochlamys_polyphylla,Scaphochlamys,,,Zingiberaceae,Zingiberales,Magnoliopsida
Scaphochlamys_grandis,Scaphochlamys,,,Zingiberaceae,Zingiberales,Magnoliopsida
Scaphochlamys_endauensis,Scaphochlamys,,,Zingiberaceae,Zingiberales,Magnoliopsida
Scaphochlamys_burkillii,Scaphochlamys,,,Zingiberaceae,Zingiberales,Magnoliopsida
Scaphochlamys_concinna,Scaphochlamys,,,Zingiberaceae,Zingiberales,Magnoliopsida
Scaphochlamys_oculata,Scaphochlamys,,,Zingiberaceae,Zingiberales,Magnoliopsida
Borneocola_stenophyllus,Borneocola,,,Zingiberaceae,Zingiberales,Magnoliopsida
Borneocola_biru,Borneocola,,,Zingiberaceae,Zingiberales,Magnoliopsida
Myxochlamys_mullerensis,Myxochlamys,,,Zingiberaceae,Zingiberales,Magnoliopsida
Zingiber_longipedunculatum,Zingiber,,,Zingiberaceae,Zingiberales,Magnoliopsida
Zingiber_sulphureum,Zingiber,,,Zingiberaceae,Zingiberales,Magnoliopsida
Zingiber_wrayi,Zingiber,,,Zingiberaceae,Zingiberales,Magnoliopsida
Zingiber_gramineum,Zingiber,,,Zingiberaceae,Zingiberales,Magnoliopsida
Zingiber_odoriferum,Zingiber,,,Zingiberaceae,Zingiberales,Magnoliopsida
Zingiber_corallinum,Zingiber,,,Zingiberaceae,Zingiberales,Magnoliopsida
Zingiber_neesanum,Zingiber,,,Zingiberaceae,Zingiberales,Magnoliopsida
Zingiber_capitatum,Zingiber,,,Zingiberaceae,Zingiberales,Magnoliopsida
Zingiber_parishii,Zingiber,,,Zingiberaceae,Zingiberales,Magnoliopsida
Zingiber_papuanum,Zingiber,,,Zingiberaceae,Zingiberales,Magnoliopsida
Zingiber_zerumbet,Zingiber,,,Zingiberaceae,Zingiberales,Magnoliopsida
Zingiber_montanum,Zingiber,,,Zingiberaceae,Zingiberales,Magnoliopsida
Zingiber_spectabile,Zingiber,,,Zingiberaceae,Zingiberales,Magnoliopsida
Zingiber_coloratum,Zingiber,,,Zingiberaceae,Zingiberales,Magnoliopsida
Zingiber_ellipticum,Zingiber,,,Zingiberaceae,Zingiberales,Magnoliopsida
Zingiber_wightianum,Zingiber,,,Zingiberaceae,Zingiberales,Magnoliopsida
Zingiber_mioga,Zingiber,,,Zingiberaceae,Zingiberales,Magnoliopsida
Zingiber_ligulatum,Zingiber,,,Zingiberaceae,Zingiberales,Magnoliopsida
Zingiber_densissimum,Zingiber,,,Zingiberaceae,Zingiberales,Magnoliopsida
Zingiber_roseum,Zingiber,,,Zingiberaceae,Zingiberales,Magnoliopsida
Zingiber_orbiculatum,Zingiber,,,Zingiberaceae,Zingiberales,Magnoliopsida
Zingiber_striolatum,Zingiber,,,Zingiberaceae,Zingiberales,Magnoliopsida
Zingiber_recurvatum,Zingiber,,,Zingiberaceae,Zingiberales,Magnoliopsida
Zingiber_smilesianum,Zingiber,,,Zingiberaceae,Zingiberales,Magnoliopsida
Zingiber_nimmonii,Zingiber,,,Zingiberaceae,Zingiberales,Magnoliopsida
Zingiber_rubens,Zingiber,,,Zingiberaceae,Zingiberales,Magnoliopsida
Zingiber_officinale,Zingiber,,,Zingiberaceae,Zingiberales,Magnoliopsida
Zingiber_cylindricum,Zingiber,,,Zingiberaceae,Zingiberales,Magnoliopsida
Zingiber_junceum,Zingiber,,,Zingiberaceae,Zingiberales,Magnoliopsida
Zingiber_oligophyllum,Zingiber,,,Zingiberaceae,Zingiberales,Magnoliopsida
Zingiber_engganoensis,Zingiber,,,Zingiberaceae,Zingiberales,Magnoliopsida
Distichochlamys_citrea,Distichochlamys,,,Zingiberaceae,Zingiberales,Magnoliopsida
Distichochlamys_rubrostriata,Distichochlamys,,,Zingiberaceae,Zingiberales,Magnoliopsida
Cornukaempferia_aurantiflora,Cornukaempferia,,,Zingiberaceae,Zingiberales,Magnoliopsida
Cornukaempferia_longipetiolata,Cornukaempferia,,,Zingiberaceae,Zingiberales,Magnoliopsida
Kaempferia_filifolia,Kaempferia,,,Zingiberaceae,Zingiberales,Magnoliopsida
Kaempferia_fallax,Kaempferia,,,Zingiberaceae,Zingiberales,Magnoliopsida
Kaempferia_angustifolia,Kaempferia,,,Zingiberaceae,Zingiberales,Magnoliopsida
Kaempferia_gilbertii,Kaempferia,,,Zingiberaceae,Zingiberales,Magnoliopsida
Kaempferia_siamensis,Kaempferia,,,Zingiberaceae,Zingiberales,Magnoliopsida
Kaempferia_grandifolia,Kaempferia,,,Zingiberaceae,Zingiberales,Magnoliopsida
Kaempferia_rotunda,Kaempferia,,,Zingiberaceae,Zingiberales,Magnoliopsida
Kaempferia_parviflora,Kaempferia,,,Zingiberaceae,Zingiberales,Magnoliopsida
Kaempferia_roscoeana,Kaempferia,,,Zingiberaceae,Zingiberales,Magnoliopsida
Kaempferia_laotica,Kaempferia,,,Zingiberaceae,Zingiberales,Magnoliopsida
Kaempferia_larsenii,Kaempferia,,,Zingiberaceae,Zingiberales,Magnoliopsida
Kaempferia_galanga,Kaempferia,,,Zingiberaceae,Zingiberales,Magnoliopsida
Kaempferia_candida,Kaempferia,,,Zingiberaceae,Zingiberales,Magnoliopsida
Kaempferia_elegans,Kaempferia,,,Zingiberaceae,Zingiberales,Magnoliopsida
Kaempferia_pulchra,Kaempferia,,,Zingiberaceae,Zingiberales,Magnoliopsida
Haniffia_flavescens,Haniffia,,,Zingiberaceae,Zingiberales,Magnoliopsida
Haniffia_santubongensis,Haniffia,,,Zingiberaceae,Zingiberales,Magnoliopsida
Haniffia_albiflora,Haniffia,,,Zingiberaceae,Zingiberales,Magnoliopsida
Haniffia_cyanescens,Haniffia,,,Zingiberaceae,Zingiberales,Magnoliopsida
Kedhalia_flaviflora,Kedhalia,,,Zingiberaceae,Zingiberales,Magnoliopsida
Curcuma_vitellina,Curcuma,,,Zingiberaceae,Zingiberales,Magnoliopsida
Curcuma_plicata,Curcuma,,,Zingiberaceae,Zingiberales,Magnoliopsida
Curcuma_cochinchinensis,Curcuma,,,Zingiberaceae,Zingiberales,Magnoliopsida
Curcuma_mangga,Curcuma,,,Zingiberaceae,Zingiberales,Magnoliopsida
Curcuma_comosa,Curcuma,,,Zingiberaceae,Zingiberales,Magnoliopsida
Curcuma_rubrobracteata,Curcuma,,,Zingiberaceae,Zingiberales,Magnoliopsida
Curcuma_attenuata,Curcuma,,,Zingiberaceae,Zingiberales,Magnoliopsida
Curcuma_codonantha,Curcuma,,,Zingiberaceae,Zingiberales,Magnoliopsida
Curcuma_kwangsiensis,Curcuma,,,Zingiberaceae,Zingiberales,Magnoliopsida
Curcuma_heyneana,Curcuma,,,Zingiberaceae,Zingiberales,Magnoliopsida
Curcuma_reclinata,Curcuma,,,Zingiberaceae,Zingiberales,Magnoliopsida
Curcuma_petiolata,Curcuma,,,Zingiberaceae,Zingiberales,Magnoliopsida
Curcuma_australasica,Curcuma,,,Zingiberaceae,Zingiberales,Magnoliopsida
Curcuma_aurantiaca,Curcuma,,,Zingiberaceae,Zingiberales,Magnoliopsida
Curcuma_glans,Curcuma,,,Zingiberaceae,Zingiberales,Magnoliopsida
Curcuma_ecomata,Curcuma,,,Zingiberaceae,Zingiberales,Magnoliopsida
Curcuma_bicolor,Curcuma,,,Zingiberaceae,Zingiberales,Magnoliopsida
Curcuma_aeruginosa,Curcuma,,,Zingiberaceae,Zingiberales,Magnoliopsida
Curcuma_gracillima,Curcuma,,,Zingiberaceae,Zingiberales,Magnoliopsida
Curcuma_thorelii,Curcuma,,,Zingiberaceae,Zingiberales,Magnoliopsida
Curcuma_parvula,Curcuma,,,Zingiberaceae,Zingiberales,Magnoliopsida
Curcuma_zedoaria,Curcuma,,,Zingiberaceae,Zingiberales,Magnoliopsida
Curcuma_sichuanensis,Curcuma,,,Zingiberaceae,Zingiberales,Magnoliopsida
Curcuma_yunnanensis,Curcuma,,,Zingiberaceae,Zingiberales,Magnoliopsida
Curcuma_purpurascens,Curcuma,,,Zingiberaceae,Zingiberales,Magnoliopsida
Curcuma_exigua,Curcuma,,,Zingiberaceae,Zingiberales,Magnoliopsida
Curcuma_elata,Curcuma,,,Zingiberaceae,Zingiberales,Magnoliopsida
Curcuma_phaeocaulis,Curcuma,,,Zingiberaceae,Zingiberales,Magnoliopsida
Curcuma_latifolia,Curcuma,,,Zingiberaceae,Zingiberales,Magnoliopsida
Curcuma_rubescens,Curcuma,,,Zingiberaceae,Zingiberales,Magnoliopsida
Curcuma_ferruginea,Curcuma,,,Zingiberaceae,Zingiberales,Magnoliopsida
Curcuma_inodora,Curcuma,,,Zingiberaceae,Zingiberales,Magnoliopsida
Curcuma_haritha,Curcuma,,,Zingiberaceae,Zingiberales,Magnoliopsida
Curcuma_roscoeana,Curcuma,,,Zingiberaceae,Zingiberales,Magnoliopsida
Curcuma_angustifolia,Curcuma,,,Zingiberaceae,Zingiberales,Magnoliopsida
Curcuma_amada,Curcuma,,,Zingiberaceae,Zingiberales,Magnoliopsida
Curcuma_leucorrhiza,Curcuma,,,Zingiberaceae,Zingiberales,Magnoliopsida
Curcuma_montana,Curcuma,,,Zingiberaceae,Zingiberales,Magnoliopsida
Curcuma_caesia,Curcuma,,,Zingiberaceae,Zingiberales,Magnoliopsida
Curcuma_longa,Curcuma,,,Zingiberaceae,Zingiberales,Magnoliopsida
Curcuma_aromatica,Curcuma,,,Zingiberaceae,Zingiberales,Magnoliopsida
Curcuma_decipiens,Curcuma,,,Zingiberaceae,Zingiberales,Magnoliopsida
Curcuma_harmandii,Curcuma,,,Zingiberaceae,Zingiberales,Magnoliopsida
Curcuma_alismatifolia,Curcuma,,,Zingiberaceae,Zingiberales,Magnoliopsida
Curcuma_pseudomontana,Curcuma,,,Zingiberaceae,Zingiberales,Magnoliopsida
Curcuma_rhabdota,Curcuma,,,Zingiberaceae,Zingiberales,Magnoliopsida
Curcuma_parviflora,Curcuma,,,Zingiberaceae,Zingiberales,Magnoliopsida
Curcuma_pambrosima,Curcuma,,,Zingiberaceae,Zingiberales,Magnoliopsida
Curcuma_coriacea,Curcuma,,,Zingiberaceae,Zingiberales,Magnoliopsida
Curcuma_caulina,Curcuma,,,Zingiberaceae,Zingiberales,Magnoliopsida
Curcuma_candida,Curcuma,,,Zingiberaceae,Zingiberales,Magnoliopsida
Curcuma_rhomba,Curcuma,,,Zingiberaceae,Zingiberales,Magnoliopsida
Curcuma_cannanorensis,Curcuma,,,Zingiberaceae,Zingiberales,Magnoliopsida
Curcuma_oligantha,Curcuma,,,Zingiberaceae,Zingiberales,Magnoliopsida
Curcuma_singularis,Curcuma,,,Zingiberaceae,Zingiberales,Magnoliopsida
Curcuma_karnatakensis,Curcuma,,,Zingiberaceae,Zingiberales,Magnoliopsida
Curcuma_vamana,Curcuma,,,Zingiberaceae,Zingiberales,Magnoliopsida
Curcuma_bhatii,Curcuma,,,Zingiberaceae,Zingiberales,Magnoliopsida
Curcuma_mutabilis,Curcuma,,,Zingiberaceae,Zingiberales,Magnoliopsida
Curcuma_neilgherrensis,Curcuma,,,Zingiberaceae,Zingiberales,Magnoliopsida
Curcuma_kudagensis,Curcuma,,,Zingiberaceae,Zingiberales,Magnoliopsida
Curcuma_nankunshanensis,Curcuma,,,Zingiberaceae,Zingiberales,Magnoliopsida
Curcuma_colorata,Curcuma,,,Zingiberaceae,Zingiberales,Magnoliopsida
Curcuma_arracanensis,Curcuma,,,Zingiberaceae,Zingiberales,Magnoliopsida
Curcuma_flaviflora,Curcuma,,,Zingiberaceae,Zingiberales,Magnoliopsida
Curcuma_amarissima,Curcuma,,,Zingiberaceae,Zingiberales,Magnoliopsida
Hitchenia_glauca,Hitchenia,,,Zingiberaceae,Zingiberales,Magnoliopsida
Stahlianthus_involucratus,Stahlianthus,,,Zingiberaceae,Zingiberales,Magnoliopsida
Stahlianthus_campanulatus,Stahlianthus,,,Zingiberaceae,Zingiberales,Magnoliopsida
Laosanthus_graminifolius,Laosanthus,,,Zingiberaceae,Zingiberales,Magnoliopsida
Smithatris_supraneanae,Smithatris,,,Zingiberaceae,Zingiberales,Magnoliopsida
Smithatris_myanmarensis,Smithatris,,,Zingiberaceae,Zingiberales,Magnoliopsida
Hedychium_coccineum,Hedychium,,,Zingiberaceae,Zingiberales,Magnoliopsida
Hedychium_borneense,Hedychium,,,Zingiberaceae,Zingiberales,Magnoliopsida
Hedychium_biflorum,Hedychium,,,Zingiberaceae,Zingiberales,Magnoliopsida
Hedychium_forrestii,Hedychium,,,Zingiberaceae,Zingiberales,Magnoliopsida
Hedychium_marginatum,Hedychium,,,Zingiberaceae,Zingiberales,Magnoliopsida
Hedychium_ellipticum,Hedychium,,,Zingiberaceae,Zingiberales,Magnoliopsida
Hedychium_thyrsiforme,Hedychium,,,Zingiberaceae,Zingiberales,Magnoliopsida
Hedychium_larsenii,Hedychium,,,Zingiberaceae,Zingiberales,Magnoliopsida
Hedychium_brevicaule,Hedychium,,,Zingiberaceae,Zingiberales,Magnoliopsida
Hedychium_flavescens,Hedychium,,,Zingiberaceae,Zingiberales,Magnoliopsida
Hedychium_horsfieldii,Hedychium,,,Zingiberaceae,Zingiberales,Magnoliopsida
Hedychium_longicornutum,Hedychium,,,Zingiberaceae,Zingiberales,Magnoliopsida
Hedychium_cylindricum,Hedychium,,,Zingiberaceae,Zingiberales,Magnoliopsida
Hedychium_spicatum,Hedychium,,,Zingiberaceae,Zingiberales,Magnoliopsida
Hedychium_villosum,Hedychium,,,Zingiberaceae,Zingiberales,Magnoliopsida
Hedychium_yunnanense,Hedychium,,,Zingiberaceae,Zingiberales,Magnoliopsida
Hedychium_stenopetalum,Hedychium,,,Zingiberaceae,Zingiberales,Magnoliopsida
Hedychium_coronarium,Hedychium,,,Zingiberaceae,Zingiberales,Magnoliopsida
Hedychium_tengchongense,Hedychium,,,Zingiberaceae,Zingiberales,Magnoliopsida
Hedychium_rubrum,Hedychium,,,Zingiberaceae,Zingiberales,Magnoliopsida
Hedychium_gardnerianum,Hedychium,,,Zingiberaceae,Zingiberales,Magnoliopsida
Hedychium_greenii,Hedychium,,,Zingiberaceae,Zingiberales,Magnoliopsida
Hedychium_bordelonianum,Hedychium,,,Zingiberaceae,Zingiberales,Magnoliopsida
Hedychium_flavum,Hedychium,,,Zingiberaceae,Zingiberales,Magnoliopsida
Larsenianthus_assamensis,Larsenianthus,,,Zingiberaceae,Zingiberales,Magnoliopsida
Larsenianthus_careyanus,Larsenianthus,,,Zingiberaceae,Zingiberales,Magnoliopsida
Larsenianthus_arunachalensis,Larsenianthus,,,Zingiberaceae,Zingiberales,Magnoliopsida
Larsenianthus_wardianus,Larsenianthus,,,Zingiberaceae,Zingiberales,Magnoliopsida
Camptandra_parvula,Camptandra,,,Zingiberaceae,Zingiberales,Magnoliopsida
Pommereschea_lackneri,Pommereschea,,,Zingiberaceae,Zingiberales,Magnoliopsida
Roscoea_bhutanica,Roscoea,,,Zingiberaceae,Zingiberales,Magnoliopsida
Roscoea_cautleyoides,Roscoea,,,Zingiberaceae,Zingiberales,Magnoliopsida
Roscoea_humeana,Roscoea,,,Zingiberaceae,Zingiberales,Magnoliopsida
Roscoea_schneideriana,Roscoea,,,Zingiberaceae,Zingiberales,Magnoliopsida
Roscoea_wardii,Roscoea,,,Zingiberaceae,Zingiberales,Magnoliopsida
Roscoea_tibetica,Roscoea,,,Zingiberaceae,Zingiberales,Magnoliopsida
Roscoea_auriculata,Roscoea,,,Zingiberaceae,Zingiberales,Magnoliopsida
Roscoea_purpurea,Roscoea,,,Zingiberaceae,Zingiberales,Magnoliopsida
Cautleya_gracilis,Cautleya,,,Zingiberaceae,Zingiberales,Magnoliopsida
Cautleya_spicata,Cautleya,,,Zingiberaceae,Zingiberales,Magnoliopsida
Rhynchanthus_beesianus,Rhynchanthus,,,Zingiberaceae,Zingiberales,Magnoliopsida
Globba_atrosanguinea,Globba,,,Zingiberaceae,Zingiberales,Magnoliopsida
Globba_albobracteata,Globba,,,Zingiberaceae,Zingiberales,Magnoliopsida
Globba_multifolia,Globba,,,Zingiberaceae,Zingiberales,Magnoliopsida
Globba_acehensis,Globba,,,Zingiberaceae,Zingiberales,Magnoliopsida
Globba_flavibracteata,Globba,,,Zingiberaceae,Zingiberales,Magnoliopsida
Globba_aurantiaca,Globba,,,Zingiberaceae,Zingiberales,Magnoliopsida
Globba_fecunda,Globba,,,Zingiberaceae,Zingiberales,Magnoliopsida
Globba_propinqua,Globba,,,Zingiberaceae,Zingiberales,Magnoliopsida
Globba_holttumii,Globba,,,Zingiberaceae,Zingiberales,Magnoliopsida
Globba_variabilis,Globba,,,Zingiberaceae,Zingiberales,Magnoliopsida
Globba_cernua,Globba,,,Zingiberaceae,Zingiberales,Magnoliopsida
Globba_curtisii,Globba,,,Zingiberaceae,Zingiberales,Magnoliopsida
Globba_fragilis,Globba,,,Zingiberaceae,Zingiberales,Magnoliopsida
Globba_campsophylla,Globba,,,Zingiberaceae,Zingiberales,Magnoliopsida
Globba_xantholeuca,Globba,,,Zingiberaceae,Zingiberales,Magnoliopsida
Globba_albiflora,Globba,,,Zingiberaceae,Zingiberales,Magnoliopsida
Globba_paniculata,Globba,,,Zingiberaceae,Zingiberales,Magnoliopsida
Globba_platystachya,Globba,,,Zingiberaceae,Zingiberales,Magnoliopsida
Globba_insectifera,Globba,,,Zingiberaceae,Zingiberales,Magnoliopsida
Globba_schomburgkii,Globba,,,Zingiberaceae,Zingiberales,Magnoliopsida
Globba_marantina,Globba,,,Zingiberaceae,Zingiberales,Magnoliopsida
Globba_obscura,Globba,,,Zingiberaceae,Zingiberales,Magnoliopsida
Globba_laeta,Globba,,,Zingiberaceae,Zingiberales,Magnoliopsida
Globba_winitii,Globba,,,Zingiberaceae,Zingiberales,Magnoliopsida
Globba_brachyanthera,Globba,,,Zingiberaceae,Zingiberales,Magnoliopsida
Globba_leucantha,Globba,,,Zingiberaceae,Zingiberales,Magnoliopsida
Globba_geoffrayi,Globba,,,Zingiberaceae,Zingiberales,Magnoliopsida
Globba_radicalis,Globba,,,Zingiberaceae,Zingiberales,Magnoliopsida
Globba_racemosa,Globba,,,Zingiberaceae,Zingiberales,Magnoliopsida
Globba_clarkei,Globba,,,Zingiberaceae,Zingiberales,Magnoliopsida
Globba_multiflora,Globba,,,Zingiberaceae,Zingiberales,Magnoliopsida
Globba_macroclada,Globba,,,Zingiberaceae,Zingiberales,Magnoliopsida
Globba_sessiliflora,Globba,,,Zingiberaceae,Zingiberales,Magnoliopsida
Globba_orixensis,Globba,,,Zingiberaceae,Zingiberales,Magnoliopsida
Globba_spathulata,Globba,,,Zingiberaceae,Zingiberales,Magnoliopsida
Globba_wengeri,Globba,,,Zingiberaceae,Zingiberales,Magnoliopsida
Globba_substrigosa,Globba,,,Zingiberaceae,Zingiberales,Magnoliopsida
Hemiorchis_rhodorrhachis,Hemiorchis,,,Zingiberaceae,Zingiberales,Magnoliopsida
Hemiorchis_burmanica,Hemiorchis,,,Zingiberaceae,Zingiberales,Magnoliopsida
Gagnepainia_godefroyi,Gagnepainia,,,Zingiberaceae,Zingiberales,Magnoliopsida
Gagnepainia_thoreliana,Gagnepainia,,,Zingiberaceae,Zingiberales,Magnoliopsida
Amomum_dimorphum,Amomum,,,Zingiberaceae,Zingiberales,Magnoliopsida
Amomum_dealbatum,Amomum,,,Zingiberaceae,Zingiberales,Magnoliopsida
Amomum_austrosinense,Amomum,,,Zingiberaceae,Zingiberales,Magnoliopsida
Amomum_purpureorubrum,Amomum,,,Zingiberaceae,Zingiberales,Magnoliopsida
Amomum_maximum,Amomum,,,Zingiberaceae,Zingiberales,Magnoliopsida
Amomum_pterocarpum,Amomum,,,Zingiberaceae,Zingiberales,Magnoliopsida
Amomum_queenslandicum,Amomum,,,Zingiberaceae,Zingiberales,Magnoliopsida
Amomum_subcapitatum,Amomum,,,Zingiberaceae,Zingiberales,Magnoliopsida
Amomum_glabrum,Amomum,,,Zingiberaceae,Zingiberales,Magnoliopsida
Amomum_longipetiolatum,Amomum,,,Zingiberaceae,Zingiberales,Magnoliopsida
Amomum_menglaense,Amomum,,,Zingiberaceae,Zingiberales,Magnoliopsida
Amomum_sericeum,Amomum,,,Zingiberaceae,Zingiberales,Magnoliopsida
Amomum_putrescens,Amomum,,,Zingiberaceae,Zingiberales,Magnoliopsida
Amomum_repoeense,Amomum,,,Zingiberaceae,Zingiberales,Magnoliopsida
Amomum_hypoleucum,Amomum,,,Zingiberaceae,Zingiberales,Magnoliopsida
Amomum_subulatum,Amomum,,,Zingiberaceae,Zingiberales,Magnoliopsida
Amomum_petaloideum,Amomum,,,Zingiberaceae,Zingiberales,Magnoliopsida
Amomum_aromaticum,Amomum,,,Zingiberaceae,Zingiberales,Magnoliopsida
Amomum_kingii,Amomum,,,Zingiberaceae,Zingiberales,Magnoliopsida
Etlingera_belalongensis,Etlingera,,,Zingiberaceae,Zingiberales,Magnoliopsida
Etlingera_sessilanthera,Etlingera,,,Zingiberaceae,Zingiberales,Magnoliopsida
Etlingera_rubromarginata,Etlingera,,,Zingiberaceae,Zingiberales,Magnoliopsida
Etlingera_punicea,Etlingera,,,Zingiberaceae,Zingiberales,Magnoliopsida
Etlingera_corrugata,Etlingera,,,Zingiberaceae,Zingiberales,Magnoliopsida
Etlingera_fimbriobracteata,Etlingera,,,Zingiberaceae,Zingiberales,Magnoliopsida
Etlingera_maingayi,Etlingera,,,Zingiberaceae,Zingiberales,Magnoliopsida
Etlingera_velutina,Etlingera,,,Zingiberaceae,Zingiberales,Magnoliopsida
Etlingera_corneri,Etlingera,,,Zingiberaceae,Zingiberales,Magnoliopsida
Etlingera_venusta,Etlingera,,,Zingiberaceae,Zingiberales,Magnoliopsida
Etlingera_metriocheilos,Etlingera,,,Zingiberaceae,Zingiberales,Magnoliopsida
Etlingera_inundata,Etlingera,,,Zingiberaceae,Zingiberales,Magnoliopsida
Etlingera_yunnanensis,Etlingera,,,Zingiberaceae,Zingiberales,Magnoliopsida
Etlingera_baramensis,Etlingera,,,Zingiberaceae,Zingiberales,Magnoliopsida
Etlingera_triorgyalis,Etlingera,,,Zingiberaceae,Zingiberales,Magnoliopsida
Etlingera_hemisphaerica,Etlingera,,,Zingiberaceae,Zingiberales,Magnoliopsida
Etlingera_fenzlii,Etlingera,,,Zingiberaceae,Zingiberales,Magnoliopsida
Etlingera_australasica,Etlingera,,,Zingiberaceae,Zingiberales,Magnoliopsida
Etlingera_littoralis,Etlingera,,,Zingiberaceae,Zingiberales,Magnoliopsida
Etlingera_linguiformis,Etlingera,,,Zingiberaceae,Zingiberales,Magnoliopsida
Elettaria_longipilosa,Elettaria,,,Zingiberaceae,Zingiberales,Magnoliopsida
Elettaria_longituba,Elettaria,,,Zingiberaceae,Zingiberales,Magnoliopsida
Elettaria_cardamomum,Elettaria,,,Zingiberaceae,Zingiberales,Magnoliopsida
Etlingera_elatior,Etlingera,,,Zingiberaceae,Zingiberales,Magnoliopsida
Vanoverberghia_sepulchrei,Vanoverberghia,,,Zingiberaceae,Zingiberales,Magnoliopsida
Leptosolena_haenkei,Leptosolena,,,Zingiberaceae,Zingiberales,Magnoliopsida
Hornstedtia_havilandii,Hornstedtia,,,Zingiberaceae,Zingiberales,Magnoliopsida
Hornstedtia_scottiana,Hornstedtia,,,Zingiberaceae,Zingiberales,Magnoliopsida
Hornstedtia_gracilis,Hornstedtia,,,Zingiberaceae,Zingiberales,Magnoliopsida
Hornstedtia_reticulata,Hornstedtia,,,Zingiberaceae,Zingiberales,Magnoliopsida
Hornstedtia_sanhan,Hornstedtia,,,Zingiberaceae,Zingiberales,Magnoliopsida
Hornstedtia_arunachalensis,Hornstedtia,,,Zingiberaceae,Zingiberales,Magnoliopsida
Hornstedtia_hainanensis,Hornstedtia,,,Zingiberaceae,Zingiberales,Magnoliopsida
Hornstedtia_minor,Hornstedtia,,,Zingiberaceae,Zingiberales,Magnoliopsida
Hornstedtia_leonurus,Hornstedtia,,,Zingiberaceae,Zingiberales,Magnoliopsida
Hornstedtia_conica,Hornstedtia,,,Zingiberaceae,Zingiberales,Magnoliopsida
Aframomum_daniellii,Aframomum,,,Zingiberaceae,Zingiberales,Magnoliopsida
Aframomum_angustifolium,Aframomum,,,Zingiberaceae,Zingiberales,Magnoliopsida
Aframomum_flavum,Aframomum,,,Zingiberaceae,Zingiberales,Magnoliopsida
Aframomum_mala,Aframomum,,,Zingiberaceae,Zingiberales,Magnoliopsida
Aframomum_subsericeum,Aframomum,,,Zingiberaceae,Zingiberales,Magnoliopsida
Aframomum_thonneri,Aframomum,,,Zingiberaceae,Zingiberales,Magnoliopsida
Aframomum_luteoalbum,Aframomum,,,Zingiberaceae,Zingiberales,Magnoliopsida
Aframomum_letestuanum,Aframomum,,,Zingiberaceae,Zingiberales,Magnoliopsida
Aframomum_leptolepis,Aframomum,,,Zingiberaceae,Zingiberales,Magnoliopsida
Aframomum_longipetiolatum,Aframomum,,,Zingiberaceae,Zingiberales,Magnoliopsida
Aframomum_melegueta,Aframomum,,,Zingiberaceae,Zingiberales,Magnoliopsida
Aframomum_verrucosum,Aframomum,,,Zingiberaceae,Zingiberales,Magnoliopsida
Aframomum_longiligulatum,Aframomum,,,Zingiberaceae,Zingiberales,Magnoliopsida
Aframomum_corrorima,Aframomum,,,Zingiberaceae,Zingiberales,Magnoliopsida
Aframomum_spiroligulatum,Aframomum,,,Zingiberaceae,Zingiberales,Magnoliopsida
Aframomum_alboviolaceum,Aframomum,,,Zingiberaceae,Zingiberales,Magnoliopsida
Aframomum_pilosum,Aframomum,,,Zingiberaceae,Zingiberales,Magnoliopsida
Aframomum_limbatum,Aframomum,,,Zingiberaceae,Zingiberales,Magnoliopsida
Aframomum_uniflorum,Aframomum,,,Zingiberaceae,Zingiberales,Magnoliopsida
Aframomum_laxiflorum,Aframomum,,,Zingiberaceae,Zingiberales,Magnoliopsida
Renealmia_breviscapa,Renealmia,,,Zingiberaceae,Zingiberales,Magnoliopsida
Renealmia_aromatica,Renealmia,,,Zingiberaceae,Zingiberales,Magnoliopsida
Renealmia_congolana,Renealmia,,,Zingiberaceae,Zingiberales,Magnoliopsida
Renealmia_alpinia,Renealmia,,,Zingiberaceae,Zingiberales,Magnoliopsida
Renealmia_thyrsoidea,Renealmia,,,Zingiberaceae,Zingiberales,Magnoliopsida
Renealmia_concinna,Renealmia,,,Zingiberaceae,Zingiberales,Magnoliopsida
Renealmia_pluriplicata,Renealmia,,,Zingiberaceae,Zingiberales,Magnoliopsida
Renealmia_cernua,Renealmia,,,Zingiberaceae,Zingiberales,Magnoliopsida
Renealmia_bracteata,Renealmia,,,Zingiberaceae,Zingiberales,Magnoliopsida
Renealmia_congesta,Renealmia,,,Zingiberaceae,Zingiberales,Magnoliopsida
Renealmia_lucida,Renealmia,,,Zingiberaceae,Zingiberales,Magnoliopsida
Renealmia_cincinnata,Renealmia,,,Zingiberaceae,Zingiberales,Magnoliopsida
Renealmia_foliifera,Renealmia,,,Zingiberaceae,Zingiberales,Magnoliopsida
Renealmia_battenbergiana,Renealmia,,,Zingiberaceae,Zingiberales,Magnoliopsida
Renealmia_polypus,Renealmia,,,Zingiberaceae,Zingiberales,Magnoliopsida
Renealmia_nicolaioides,Renealmia,,,Zingiberaceae,Zingiberales,Magnoliopsida
Pleuranthodium_schlechteri,Pleuranthodium,,,Zingiberaceae,Zingiberales,Magnoliopsida
Pleuranthodium_floccosum,Pleuranthodium,,,Zingiberaceae,Zingiberales,Magnoliopsida
Pleuranthodium_papilionaceum,Pleuranthodium,,,Zingiberaceae,Zingiberales,Magnoliopsida
Pleuranthodium_trichocalyx,Pleuranthodium,,,Zingiberaceae,Zingiberales,Magnoliopsida
Pleuranthodium_floribundum,Pleuranthodium,,,Zingiberaceae,Zingiberales,Magnoliopsida
Burbidgea_pauciflora,Burbidgea,,,Zingiberaceae,Zingiberales,Magnoliopsida
Burbidgea_nitida,Burbidgea,,,Zingiberaceae,Zingiberales,Magnoliopsida
Burbidgea_schizocheila,Burbidgea,,,Zingiberaceae,Zingiberales,Magnoliopsida
Siamanthus_siliquosus,Siamanthus,,,Zingiberaceae,Zingiberales,Magnoliopsida
Siliquamomum_tonkinense,Siliquamomum,,,Zingiberaceae,Zingiberales,Magnoliopsida
Alpinia_zerumbet,Alpinia,,,Zingiberaceae,Zingiberales,Magnoliopsida
Alpinia_mutica,Alpinia,,,Zingiberaceae,Zingiberales,Magnoliopsida
Alpinia_formosana,Alpinia,,,Zingiberaceae,Zingiberales,Magnoliopsida
Alpinia_hainanensis,Alpinia,,,Zingiberaceae,Zingiberales,Magnoliopsida
Alpinia_emaculata,Alpinia,,,Zingiberaceae,Zingiberales,Magnoliopsida
Alpinia_platychilus,Alpinia,,,Zingiberaceae,Zingiberales,Magnoliopsida
Alpinia_shimadae,Alpinia,,,Zingiberaceae,Zingiberales,Magnoliopsida
Alpinia_kwangsiensis,Alpinia,,,Zingiberaceae,Zingiberales,Magnoliopsida
Alpinia_roxburghii,Alpinia,,,Zingiberaceae,Zingiberales,Magnoliopsida
Alpinia_polyantha,Alpinia,,,Zingiberaceae,Zingiberales,Magnoliopsida
Alpinia_nutans,Alpinia,,,Zingiberaceae,Zingiberales,Magnoliopsida
Alpinia_graminifolia,Alpinia,,,Zingiberaceae,Zingiberales,Magnoliopsida
Alpinia_officinarum,Alpinia,,,Zingiberaceae,Zingiberales,Magnoliopsida
Alpinia_oxyphylla,Alpinia,,,Zingiberaceae,Zingiberales,Magnoliopsida
Alpinia_latilabris,Alpinia,,,Zingiberaceae,Zingiberales,Magnoliopsida
Alpinia_malaccensis,Alpinia,,,Zingiberaceae,Zingiberales,Magnoliopsida
Alpinia_calcarata,Alpinia,,,Zingiberaceae,Zingiberales,Magnoliopsida
Alpinia_uraiensis,Alpinia,,,Zingiberaceae,Zingiberales,Magnoliopsida
Alpinia_rugosa,Alpinia,,,Zingiberaceae,Zingiberales,Magnoliopsida
Alpinia_haenkei,Alpinia,,,Zingiberaceae,Zingiberales,Magnoliopsida
Alpinia_guinanensis,Alpinia,,,Zingiberaceae,Zingiberales,Magnoliopsida
Alpinia_tonkinensis,Alpinia,,,Zingiberaceae,Zingiberales,Magnoliopsida
Alpinia_maclurei,Alpinia,,,Zingiberaceae,Zingiberales,Magnoliopsida
Alpinia_stachyodes,Alpinia,,,Zingiberaceae,Zingiberales,Magnoliopsida
Alpinia_intermedia,Alpinia,,,Zingiberaceae,Zingiberales,Magnoliopsida
Alpinia_jianganfeng,Alpinia,,,Zingiberaceae,Zingiberales,Magnoliopsida
Alpinia_pricei,Alpinia,,,Zingiberaceae,Zingiberales,Magnoliopsida
Alpinia_japonica,Alpinia,,,Zingiberaceae,Zingiberales,Magnoliopsida
Alpinia_chinensis,Alpinia,,,Zingiberaceae,Zingiberales,Magnoliopsida
Alpinia_oblongifolia,Alpinia,,,Zingiberaceae,Zingiberales,Magnoliopsida
Alpinia_pumila,Alpinia,,,Zingiberaceae,Zingiberales,Magnoliopsida
Alpinia_sibuyanensis,Alpinia,,,Zingiberaceae,Zingiberales,Magnoliopsida
Alpinia_flabellata,Alpinia,,,Zingiberaceae,Zingiberales,Magnoliopsida
Alpinia_vulcanica,Alpinia,,,Zingiberaceae,Zingiberales,Magnoliopsida
Alpinia_brevilabris,Alpinia,,,Zingiberaceae,Zingiberales,Magnoliopsida
Alpinia_rosea,Alpinia,,,Zingiberaceae,Zingiberales,Magnoliopsida
Alpinia_foxworthyi,Alpinia,,,Zingiberaceae,Zingiberales,Magnoliopsida
Alpinia_macrostephana,Alpinia,,,Zingiberaceae,Zingiberales,Magnoliopsida
Alpinia_oxymitra,Alpinia,,,Zingiberaceae,Zingiberales,Magnoliopsida
Alpinia_glabra,Alpinia,,,Zingiberaceae,Zingiberales,Magnoliopsida
Alpinia_aquatica,Alpinia,,,Zingiberaceae,Zingiberales,Magnoliopsida
Alpinia_warburgii,Alpinia,,,Zingiberaceae,Zingiberales,Magnoliopsida
Alpinia_argentea,Alpinia,,,Zingiberaceae,Zingiberales,Magnoliopsida
Alpinia_rubricaulis,Alpinia,,,Zingiberaceae,Zingiberales,Magnoliopsida
Alpinia_ligulata,Alpinia,,,Zingiberaceae,Zingiberales,Magnoliopsida
Alpinia_nieuwenhuizii,Alpinia,,,Zingiberaceae,Zingiberales,Magnoliopsida
Alpinia_vitellina,Alpinia,,,Zingiberaceae,Zingiberales,Magnoliopsida
Alpinia_abundiflora,Alpinia,,,Zingiberaceae,Zingiberales,Magnoliopsida
Alpinia_fax,Alpinia,,,Zingiberaceae,Zingiberales,Magnoliopsida
Alpinia_coeruleoviridis,Alpinia,,,Zingiberaceae,Zingiberales,Magnoliopsida
Alpinia_cylindrocephala,Alpinia,,,Zingiberaceae,Zingiberales,Magnoliopsida
Alpinia_monopleura,Alpinia,,,Zingiberaceae,Zingiberales,Magnoliopsida
Alpinia_aenea,Alpinia,,,Zingiberaceae,Zingiberales,Magnoliopsida
Alpinia_eremochlamys,Alpinia,,,Zingiberaceae,Zingiberales,Magnoliopsida
Alpinia_carolinensis,Alpinia,,,Zingiberaceae,Zingiberales,Magnoliopsida
Alpinia_arctiflora,Alpinia,,,Zingiberaceae,Zingiberales,Magnoliopsida
Alpinia_caerulea,Alpinia,,,Zingiberaceae,Zingiberales,Magnoliopsida
Alpinia_modesta,Alpinia,,,Zingiberaceae,Zingiberales,Magnoliopsida
Alpinia_arundelliana,Alpinia,,,Zingiberaceae,Zingiberales,Magnoliopsida
Alpinia_pinetorum,Alpinia,,,Zingiberaceae,Zingiberales,Magnoliopsida
Alpinia_elegans,Alpinia,,,Zingiberaceae,Zingiberales,Magnoliopsida
Alpinia_luteocarpa,Alpinia,,,Zingiberaceae,Zingiberales,Magnoliopsida
Alpinia_vittata,Alpinia,,,Zingiberaceae,Zingiberales,Magnoliopsida
Alpinia_oceanica,Alpinia,,,Zingiberaceae,Zingiberales,Magnoliopsida
Alpinia_purpurata,Alpinia,,,Zingiberaceae,Zingiberales,Magnoliopsida
Alpinia_pahangensis,Alpinia,,,Zingiberaceae,Zingiberales,Magnoliopsida
Alpinia_suriana,Alpinia,,,Zingiberaceae,Zingiberales,Magnoliopsida
Alpinia_capitellata,Alpinia,,,Zingiberaceae,Zingiberales,Magnoliopsida
Alpinia_scabra,Alpinia,,,Zingiberaceae,Zingiberales,Magnoliopsida
Alpinia_murdochii,Alpinia,,,Zingiberaceae,Zingiberales,Magnoliopsida
Alpinia_bilamellata,Alpinia,,,Zingiberaceae,Zingiberales,Magnoliopsida
Alpinia_nigra,Alpinia,,,Zingiberaceae,Zingiberales,Magnoliopsida
Alpinia_javanica,Alpinia,,,Zingiberaceae,Zingiberales,Magnoliopsida
Alpinia_rafflesiana,Alpinia,,,Zingiberaceae,Zingiberales,Magnoliopsida
Alpinia_manii,Alpinia,,,Zingiberaceae,Zingiberales,Magnoliopsida
Alpinia_galanga,Alpinia,,,Zingiberaceae,Zingiberales,Magnoliopsida
Alpinia_conchigera,Alpinia,,,Zingiberaceae,Zingiberales,Magnoliopsida
Plagiostachys_glandulosa,Plagiostachys,,,Zingiberaceae,Zingiberales,Magnoliopsida
Plagiostachys_strobilifera,Plagiostachys,,,Zingiberaceae,Zingiberales,Magnoliopsida
Plagiostachys_crocydocalyx,Plagiostachys,,,Zingiberaceae,Zingiberales,Magnoliopsida
Plagiostachys_parva,Plagiostachys,,,Zingiberaceae,Zingiberales,Magnoliopsida
Plagiostachys_albiflora,Plagiostachys,,,Zingiberaceae,Zingiberales,Magnoliopsida
Plagiostachys_mucida,Plagiostachys,,,Zingiberaceae,Zingiberales,Magnoliopsida
Plagiostachys_nicobarica,Plagiostachys,,,Zingiberaceae,Zingiberales,Magnoliopsida
Tamijia_flagellaris,Tamijia,,,Zingiberaceae,Zingiberales,Magnoliopsida
Siphonochilus_aethiopicus,Siphonochilus,,,Zingiberaceae,Zingiberales,Magnoliopsida
Siphonochilus_kirkii,Siphonochilus,,,Zingiberaceae,Zingiberales,Magnoliopsida
Aulotandra_trialata,Aulotandra,,,Zingiberaceae,Zingiberales,Magnoliopsida
Costus_erythrothyrsus,Costus,,,Costaceae,Zingiberales,Magnoliopsida
Costus_productus,Costus,,,Costaceae,Zingiberales,Magnoliopsida
Costus_lima,Costus,,,Costaceae,Zingiberales,Magnoliopsida
Costus_dirzoi,Costus,,,Costaceae,Zingiberales,Magnoliopsida
Costus_nitidus,Costus,,,Costaceae,Zingiberales,Magnoliopsida
Costus_spicatus,Costus,,,Costaceae,Zingiberales,Magnoliopsida
Costus_glaucus,Costus,,,Costaceae,Zingiberales,Magnoliopsida
Costus_longibracteolatus,Costus,,,Costaceae,Zingiberales,Magnoliopsida
Costus_geothyrsus,Costus,,,Costaceae,Zingiberales,Magnoliopsida
Costus_vargasii,Costus,,,Costaceae,Zingiberales,Magnoliopsida
Costus_plicatus,Costus,,,Costaceae,Zingiberales,Magnoliopsida
Costus_malortieanus,Costus,,,Costaceae,Zingiberales,Magnoliopsida
Costus_erythrophyllus,Costus,,,Costaceae,Zingiberales,Magnoliopsida
Costus_varzearum,Costus,,,Costaceae,Zingiberales,Magnoliopsida
Costus_osae,Costus,,,Costaceae,Zingiberales,Magnoliopsida
Costus_zingiberoides,Costus,,,Costaceae,Zingiberales,Magnoliopsida
Costus_asplundii,Costus,,,Costaceae,Zingiberales,Magnoliopsida
Costus_ricus,Costus,,,Costaceae,Zingiberales,Magnoliopsida
Costus_montanus,Costus,,,Costaceae,Zingiberales,Magnoliopsida
Costus_wilsonii,Costus,,,Costaceae,Zingiberales,Magnoliopsida
Costus_laevis,Costus,,,Costaceae,Zingiberales,Magnoliopsida
Costus_leucanthus,Costus,,,Costaceae,Zingiberales,Magnoliopsida
Costus_scaber,Costus,,,Costaceae,Zingiberales,Magnoliopsida
Costus_pulverulentus,Costus,,,Costaceae,Zingiberales,Magnoliopsida
Costus_pictus,Costus,,,Costaceae,Zingiberales,Magnoliopsida
Costus_megalobractea,Costus,,,Costaceae,Zingiberales,Magnoliopsida
Costus_bracteatus,Costus,,,Costaceae,Zingiberales,Magnoliopsida
Costus_erythrocoryne,Costus,,,Costaceae,Zingiberales,Magnoliopsida
Costus_arabicus,Costus,,,Costaceae,Zingiberales,Magnoliopsida
Costus_stenophyllus,Costus,,,Costaceae,Zingiberales,Magnoliopsida
Costus_allenii,Costus,,,Costaceae,Zingiberales,Magnoliopsida
Costus_maculatus,Costus,,,Costaceae,Zingiberales,Magnoliopsida
Costus_lasius,Costus,,,Costaceae,Zingiberales,Magnoliopsida
Costus_villosissimus,Costus,,,Costaceae,Zingiberales,Magnoliopsida
Costus_chartaceus,Costus,,,Costaceae,Zingiberales,Magnoliopsida
Costus_claviger,Costus,,,Costaceae,Zingiberales,Magnoliopsida
Costus_woodsonii,Costus,,,Costaceae,Zingiberales,Magnoliopsida
Costus_barbatus,Costus,,,Costaceae,Zingiberales,Magnoliopsida
Costus_amazonicus,Costus,,,Costaceae,Zingiberales,Magnoliopsida
Costus_curvibracteatus,Costus,,,Costaceae,Zingiberales,Magnoliopsida
Costus_spiralis,Costus,,,Costaceae,Zingiberales,Magnoliopsida
Costus_beckii,Costus,,,Costaceae,Zingiberales,Magnoliopsida
Costus_vinosus,Costus,,,Costaceae,Zingiberales,Magnoliopsida
Costus_maboumiensis,Costus,,,Costaceae,Zingiberales,Magnoliopsida
Costus_dubius,Costus,,,Costaceae,Zingiberales,Magnoliopsida
Costus_afer,Costus,,,Costaceae,Zingiberales,Magnoliopsida
Costus_deistelii,Costus,,,Costaceae,Zingiberales,Magnoliopsida
Costus_lucanusianus,Costus,,,Costaceae,Zingiberales,Magnoliopsida
Costus_dinklagei,Costus,,,Costaceae,Zingiberales,Magnoliopsida
Costus_mosaicus,Costus,,,Costaceae,Zingiberales,Magnoliopsida
Costus_loangensis,Costus,,,Costaceae,Zingiberales,Magnoliopsida
Costus_fissiligulatus,Costus,,,Costaceae,Zingiberales,Magnoliopsida
Costus_gabonensis,Costus,,,Costaceae,Zingiberales,Magnoliopsida
Costus_phaeotrichus,Costus,,,Costaceae,Zingiberales,Magnoliopsida
Costus_spectabilis,Costus,,,Costaceae,Zingiberales,Magnoliopsida
Costus_lateriflorus,Costus,,,Costaceae,Zingiberales,Magnoliopsida
Costus_talbotii,Costus,,,Costaceae,Zingiberales,Magnoliopsida
Costus_tappenbeckianus,Costus,,,Costaceae,Zingiberales,Magnoliopsida
Tapeinochilos_dahlii,Tapeinochilos,,,Costaceae,Zingiberales,Magnoliopsida
Tapeinochilos_ananassae,Tapeinochilos,,,Costaceae,Zingiberales,Magnoliopsida
Tapeinochilos_pubescens,Tapeinochilos,,,Costaceae,Zingiberales,Magnoliopsida
Tapeinochilos_hollrungii,Tapeinochilos,,,Costaceae,Zingiberales,Magnoliopsida
Paracostus_paradoxus,Paracostus,,,Costaceae,Zingiberales,Magnoliopsida
Chamaecostus_curcumoides,Chamaecostus,,,Costaceae,Zingiberales,Magnoliopsida
Chamaecostus_fusiformis,Chamaecostus,,,Costaceae,Zingiberales,Magnoliopsida
Chamaecostus_subsessilis,Chamaecostus,,,Costaceae,Zingiberales,Magnoliopsida
Chamaecostus_lanceolatus,Chamaecostus,,,Costaceae,Zingiberales,Magnoliopsida
Chamaecostus_cuspidatus,Chamaecostus,,,Costaceae,Zingiberales,Magnoliopsida
Chamaecostus_fragilis,Chamaecostus,,,Costaceae,Zingiberales,Magnoliopsida
Chamaecostus_congestiflorus,Chamaecostus,,,Costaceae,Zingiberales,Magnoliopsida
Dimerocostus_strobilaceus,Dimerocostus,,,Costaceae,Zingiberales,Magnoliopsida
Dimerocostus_argenteus,Dimerocostus,,,Costaceae,Zingiberales,Magnoliopsida
Monocostus_uniflorus,Monocostus,,,Costaceae,Zingiberales,Magnoliopsida
Calathea_lasiostachya,Calathea,,,Marantaceae,Zingiberales,Magnoliopsida
Calathea_crotalifera,Calathea,,,Marantaceae,Zingiberales,Magnoliopsida
Calathea_anulque,Calathea,,,Marantaceae,Zingiberales,Magnoliopsida
Calathea_utilis,Calathea,,,Marantaceae,Zingiberales,Magnoliopsida
Calathea_marantina,Calathea,,,Marantaceae,Zingiberales,Magnoliopsida
Calathea_plurispicata,Calathea,,,Marantaceae,Zingiberales,Magnoliopsida
Calathea_lutea,Calathea,,,Marantaceae,Zingiberales,Magnoliopsida
Calathea_hagbergii,Calathea,,,Marantaceae,Zingiberales,Magnoliopsida
Calathea_guzmanioides,Calathea,,,Marantaceae,Zingiberales,Magnoliopsida
Calathea_timothei,Calathea,,,Marantaceae,Zingiberales,Magnoliopsida
Calathea_pluriplicata,Calathea,,,Marantaceae,Zingiberales,Magnoliopsida
Sanblasia_dressleri,Sanblasia,,,Marantaceae,Zingiberales,Magnoliopsida
Ischnosiphon_ovatus,Ischnosiphon,,,Marantaceae,Zingiberales,Magnoliopsida
Ischnosiphon_obliquus,Ischnosiphon,,,Marantaceae,Zingiberales,Magnoliopsida
Ischnosiphon_hirsutus,Ischnosiphon,,,Marantaceae,Zingiberales,Magnoliopsida
Ischnosiphon_rotundifolius,Ischnosiphon,,,Marantaceae,Zingiberales,Magnoliopsida
Ischnosiphon_puberulus,Ischnosiphon,,,Marantaceae,Zingiberales,Magnoliopsida
Ischnosiphon_macarenae,Ischnosiphon,,,Marantaceae,Zingiberales,Magnoliopsida
Ischnosiphon_cerotus,Ischnosiphon,,,Marantaceae,Zingiberales,Magnoliopsida
Ischnosiphon_leucophaeus,Ischnosiphon,,,Marantaceae,Zingiberales,Magnoliopsida
Pleiostachya_pruinosa,Pleiostachya,,,Marantaceae,Zingiberales,Magnoliopsida
Pleiostachya_leiostachya,Pleiostachya,,,Marantaceae,Zingiberales,Magnoliopsida
Monotagma_densiflorum,Monotagma,,,Marantaceae,Zingiberales,Magnoliopsida
Monotagma_laxum,Monotagma,,,Marantaceae,Zingiberales,Magnoliopsida
Monotagma_papillosum,Monotagma,,,Marantaceae,Zingiberales,Magnoliopsida
Monotagma_dolosum,Monotagma,,,Marantaceae,Zingiberales,Magnoliopsida
Monotagma_juruanum,Monotagma,,,Marantaceae,Zingiberales,Magnoliopsida
Monotagma_secundum,Monotagma,,,Marantaceae,Zingiberales,Magnoliopsida
Monotagma_tomentosum,Monotagma,,,Marantaceae,Zingiberales,Magnoliopsida
Monotagma_smaragdinum,Monotagma,,,Marantaceae,Zingiberales,Magnoliopsida
Monotagma_parvulum,Monotagma,,,Marantaceae,Zingiberales,Magnoliopsida
Monotagma_tuberosum,Monotagma,,,Marantaceae,Zingiberales,Magnoliopsida
Phrynium_pubinerve,Phrynium,,,Marantaceae,Zingiberales,Magnoliopsida
Phrynium_imbricatum,Phrynium,,,Marantaceae,Zingiberales,Magnoliopsida
Phrynium_interruptum,Phrynium,,,Marantaceae,Zingiberales,Magnoliopsida
Phrynium_macrocephalum,Phrynium,,,Marantaceae,Zingiberales,Magnoliopsida
Phrynium_grandibracteatum,Phrynium,,,Marantaceae,Zingiberales,Magnoliopsida
Phrynium_fissifolium,Phrynium,,,Marantaceae,Zingiberales,Magnoliopsida
Phrynium_hirtum,Phrynium,,,Marantaceae,Zingiberales,Magnoliopsida
Phrynium_tonkinense,Phrynium,,,Marantaceae,Zingiberales,Magnoliopsida
Phrynium_obscurum,Phrynium,,,Marantaceae,Zingiberales,Magnoliopsida
Phrynium_tristachyum,Phrynium,,,Marantaceae,Zingiberales,Magnoliopsida
Phrynium_villosulum,Phrynium,,,Marantaceae,Zingiberales,Magnoliopsida
Phrynium_pedunculiferum,Phrynium,,,Marantaceae,Zingiberales,Magnoliopsida
Phrynium_hainanense,Phrynium,,,Marantaceae,Zingiberales,Magnoliopsida
Donax_canniformis,Donax,,,Marantaceae,Zingiberales,Magnoliopsida
Schumannianthus_dichotomus,Schumannianthus,,,Marantaceae,Zingiberales,Magnoliopsida
Thalia_multiflora,Thalia,,,Marantaceae,Zingiberales,Magnoliopsida
Thalia_dealbata,Thalia,,,Marantaceae,Zingiberales,Magnoliopsida
Thalia_geniculata,Thalia,,,Marantaceae,Zingiberales,Magnoliopsida
Ctenanthe_setosa,Ctenanthe,,,Marantaceae,Zingiberales,Magnoliopsida
Ctenanthe_marantifolia,Ctenanthe,,,Marantaceae,Zingiberales,Magnoliopsida
Ctenanthe_villosa,Ctenanthe,,,Marantaceae,Zingiberales,Magnoliopsida
Ctenanthe_dasycarpa,Ctenanthe,,,Marantaceae,Zingiberales,Magnoliopsida
Ctenanthe_burle-marxii,Ctenanthe,,,Marantaceae,Zingiberales,Magnoliopsida
Ctenanthe_oppenheimiana,Ctenanthe,,,Marantaceae,Zingiberales,Magnoliopsida
Ctenanthe_amabilis,Ctenanthe,,,Marantaceae,Zingiberales,Magnoliopsida
Stromanthe_porteana,Stromanthe,,,Marantaceae,Zingiberales,Magnoliopsida
Stromanthe_jacquinii,Stromanthe,,,Marantaceae,Zingiberales,Magnoliopsida
Stromanthe_tonckat,Stromanthe,,,Marantaceae,Zingiberales,Magnoliopsida
Stromanthe_stromanthoides,Stromanthe,,,Marantaceae,Zingiberales,Magnoliopsida
Stromanthe_thalia,Stromanthe,,,Marantaceae,Zingiberales,Magnoliopsida
Saranthe_leptostachya,Saranthe,,,Marantaceae,Zingiberales,Magnoliopsida
Maranta_ruiziana,Maranta,,,Marantaceae,Zingiberales,Magnoliopsida
Maranta_protracta,Maranta,,,Marantaceae,Zingiberales,Magnoliopsida
Maranta_sobolifera,Maranta,,,Marantaceae,Zingiberales,Magnoliopsida
Maranta_depressa,Maranta,,,Marantaceae,Zingiberales,Magnoliopsida
Maranta_leuconeura,Maranta,,,Marantaceae,Zingiberales,Magnoliopsida
Maranta_arundinacea,Maranta,,,Marantaceae,Zingiberales,Magnoliopsida
Hylaeanthe_hoffmannii,Hylaeanthe,,,Marantaceae,Zingiberales,Magnoliopsida
Hylaeanthe_hexantha,Hylaeanthe,,,Marantaceae,Zingiberales,Magnoliopsida
Koernickanthe_orbiculata,Koernickanthe,,,Marantaceae,Zingiberales,Magnoliopsida
Myrosma_cannifolia,Myrosma,,,Marantaceae,Zingiberales,Magnoliopsida
Halopegia_azurea,Halopegia,,,Marantaceae,Zingiberales,Magnoliopsida
Halopegia_blumei,Halopegia,,,Marantaceae,Zingiberales,Magnoliopsida
Stachyphrynium_longispicatum,Stachyphrynium,,,Marantaceae,Zingiberales,Magnoliopsida
Stachyphrynium_spicatum,Stachyphrynium,,,Marantaceae,Zingiberales,Magnoliopsida
Stachyphrynium_repens,Stachyphrynium,,,Marantaceae,Zingiberales,Magnoliopsida
Stachyphrynium_latifolium,Stachyphrynium,,,Marantaceae,Zingiberales,Magnoliopsida
Stachyphrynium_placentarium,Stachyphrynium,,,Marantaceae,Zingiberales,Magnoliopsida
Stachyphrynium_sumatranum,Stachyphrynium,,,Marantaceae,Zingiberales,Magnoliopsida
Stachyphrynium_calcicola,Stachyphrynium,,,Marantaceae,Zingiberales,Magnoliopsida
Afrocalathea_rhizantha,Afrocalathea,,,Marantaceae,Zingiberales,Magnoliopsida
Marantochloa_monophylla,Marantochloa,,,Marantaceae,Zingiberales,Magnoliopsida
Marantochloa_congensis,Marantochloa,,,Marantaceae,Zingiberales,Magnoliopsida
Marantochloa_filipes,Marantochloa,,,Marantaceae,Zingiberales,Magnoliopsida
Marantochloa_leucantha,Marantochloa,,,Marantaceae,Zingiberales,Magnoliopsida
Marantochloa_cuspidata,Marantochloa,,,Marantaceae,Zingiberales,Magnoliopsida
Marantochloa_purpurea,Marantochloa,,,Marantaceae,Zingiberales,Magnoliopsida
Marantochloa_mannii,Marantochloa,,,Marantaceae,Zingiberales,Magnoliopsida
Marantochloa_conferta,Marantochloa,,,Marantaceae,Zingiberales,Magnoliopsida
Hypselodelphys_velutina,Hypselodelphys,,,Marantaceae,Zingiberales,Magnoliopsida
Hypselodelphys_hirsuta,Hypselodelphys,,,Marantaceae,Zingiberales,Magnoliopsida
Hypselodelphys_triangularis,Hypselodelphys,,,Marantaceae,Zingiberales,Magnoliopsida
Hypselodelphys_scandens,Hypselodelphys,,,Marantaceae,Zingiberales,Magnoliopsida
Hypselodelphys_violacea,Hypselodelphys,,,Marantaceae,Zingiberales,Magnoliopsida
Hypselodelphys_poggeana,Hypselodelphys,,,Marantaceae,Zingiberales,Magnoliopsida
Trachyphrynium_braunianum,Trachyphrynium,,,Marantaceae,Zingiberales,Magnoliopsida
Megaphrynium_macrostachyum,Megaphrynium,,,Marantaceae,Zingiberales,Magnoliopsida
Megaphrynium_trichogynum,Megaphrynium,,,Marantaceae,Zingiberales,Magnoliopsida
Megaphrynium_gabonense,Megaphrynium,,,Marantaceae,Zingiberales,Magnoliopsida
Megaphrynium_velutinum,Megaphrynium,,,Marantaceae,Zingiberales,Magnoliopsida
Thaumatococcus_daniellii,Thaumatococcus,,,Marantaceae,Zingiberales,Magnoliopsida
Sarcophrynium_prionogonium,Sarcophrynium,,,Marantaceae,Zingiberales,Magnoliopsida
Sarcophrynium_schweinfurthianum,Sarcophrynium,,,Marantaceae,Zingiberales,Magnoliopsida
Sarcophrynium_brachystachyum,Sarcophrynium,,,Marantaceae,Zingiberales,Magnoliopsida
Canna_glauca,Canna,,,Cannaceae,Zingiberales,Magnoliopsida
Canna_paniculata,Canna,,,Cannaceae,Zingiberales,Magnoliopsida
Canna_iridiflora,Canna,,,Cannaceae,Zingiberales,Magnoliopsida
Canna_jaegeriana,Canna,,,Cannaceae,Zingiberales,Magnoliopsida
Canna_tuerckheimii,Canna,,,Cannaceae,Zingiberales,Magnoliopsida
Canna_indica,Canna,,,Cannaceae,Zingiberales,Magnoliopsida
Canna_flaccida,Canna,,,Cannaceae,Zingiberales,Magnoliopsida
Orchidantha_grandiflora,Orchidantha,,,Lowiaceae,Zingiberales,Magnoliopsida
Orchidantha_quadricolor,Orchidantha,,,Lowiaceae,Zingiberales,Magnoliopsida
Orchidantha_suratii,Orchidantha,,,Lowiaceae,Zingiberales,Magnoliopsida
Orchidantha_sabahensis,Orchidantha,,,Lowiaceae,Zingiberales,Magnoliopsida
Orchidantha_holttumii,Orchidantha,,,Lowiaceae,Zingiberales,Magnoliopsida
Orchidantha_borneensis,Orchidantha,,,Lowiaceae,Zingiberales,Magnoliopsida
Orchidantha_inouei,Orchidantha,,,Lowiaceae,Zingiberales,Magnoliopsida
Orchidantha_siamensis,Orchidantha,,,Lowiaceae,Zingiberales,Magnoliopsida
Orchidantha_maxillarioides,Orchidantha,,,Lowiaceae,Zingiberales,Magnoliopsida
Orchidantha_longiflora,Orchidantha,,,Lowiaceae,Zingiberales,Magnoliopsida
Orchidantha_chinensis,Orchidantha,,,Lowiaceae,Zingiberales,Magnoliopsida
Orchidantha_fimbriata,Orchidantha,,,Lowiaceae,Zingiberales,Magnoliopsida
Strelitzia_juncea,Strelitzia,,,Strelitziaceae,Zingiberales,Magnoliopsida
Strelitzia_reginae,Strelitzia,,,Strelitziaceae,Zingiberales,Magnoliopsida
Strelitzia_alba,Strelitzia,,,Strelitziaceae,Zingiberales,Magnoliopsida
Strelitzia_nicolai,Strelitzia,,,Strelitziaceae,Zingiberales,Magnoliopsida
Strelitzia_caudata,Strelitzia,,,Strelitziaceae,Zingiberales,Magnoliopsida
Ravenala_madagascariensis,Ravenala,,,Strelitziaceae,Zingiberales,Magnoliopsida
Phenakospermum_guyannense,Phenakospermum,,,Strelitziaceae,Zingiberales,Magnoliopsida
Heliconia_papuana,Heliconia,,,Heliconiaceae,Zingiberales,Magnoliopsida
Heliconia_indica,Heliconia,,,Heliconiaceae,Zingiberales,Magnoliopsida
Heliconia_solomonensis,Heliconia,,,Heliconiaceae,Zingiberales,Magnoliopsida
Heliconia_bihai,Heliconia,,,Heliconiaceae,Zingiberales,Magnoliopsida
Heliconia_caribaea,Heliconia,,,Heliconiaceae,Zingiberales,Magnoliopsida
Heliconia_vaginalis,Heliconia,,,Heliconiaceae,Zingiberales,Magnoliopsida
Heliconia_angusta,Heliconia,,,Heliconiaceae,Zingiberales,Magnoliopsida
Heliconia_richardiana,Heliconia,,,Heliconiaceae,Zingiberales,Magnoliopsida
Heliconia_hirsuta,Heliconia,,,Heliconiaceae,Zingiberales,Magnoliopsida
Heliconia_rostrata,Heliconia,,,Heliconiaceae,Zingiberales,Magnoliopsida
Heliconia_acuminata,Heliconia,,,Heliconiaceae,Zingiberales,Magnoliopsida
Heliconia_psittacorum,Heliconia,,,Heliconiaceae,Zingiberales,Magnoliopsida
Heliconia_pogonantha,Heliconia,,,Heliconiaceae,Zingiberales,Magnoliopsida
Heliconia_stricta,Heliconia,,,Heliconiaceae,Zingiberales,Magnoliopsida
Heliconia_imbricata,Heliconia,,,Heliconiaceae,Zingiberales,Magnoliopsida
Heliconia_irrasa,Heliconia,,,Heliconiaceae,Zingiberales,Magnoliopsida
Heliconia_tortuosa,Heliconia,,,Heliconiaceae,Zingiberales,Magnoliopsida
Heliconia_latispatha,Heliconia,,,Heliconiaceae,Zingiberales,Magnoliopsida
Heliconia_paka,Heliconia,,,Heliconiaceae,Zingiberales,Magnoliopsida
Ensete_ventricosum,Ensete,,,Musaceae,Zingiberales,Magnoliopsida
Ensete_livingstonianum,Ensete,,,Musaceae,Zingiberales,Magnoliopsida
Ensete_homblei,Ensete,,,Musaceae,Zingiberales,Magnoliopsida
Ensete_glaucum,Ensete,,,Musaceae,Zingiberales,Magnoliopsida
Ensete_superbum,Ensete,,,Musaceae,Zingiberales,Magnoliopsida
Commelina_communis,Commelina,,,Commelinaceae,Commelinales,Magnoliopsida
